id,date,variable,value
0,9/15/2014,AMZN,331.320007
1,9/22/2014,AMZN,323.209991
2,9/29/2014,AMZN,322.73999
3,10/6/2014,AMZN,311.390015
4,10/13/2014,AMZN,303.640015
5,10/20/2014,AMZN,287.059998
6,10/27/2014,AMZN,305.459991
7,11/3/2014,AMZN,299.859985
8,11/10/2014,AMZN,327.820007
9,11/17/2014,AMZN,332.630005
10,11/24/2014,AMZN,338.640015
11,12/1/2014,AMZN,312.630005
12,12/8/2014,AMZN,307.320007
13,12/15/2014,AMZN,299.899994
14,12/22/2014,AMZN,309.089996
15,12/29/2014,AMZN,308.519989
16,1/5/2015,AMZN,296.929993
17,1/12/2015,AMZN,290.73999
18,1/19/2015,AMZN,312.390015
19,1/26/2015,AMZN,354.529999
20,2/2/2015,AMZN,374.279999
21,2/9/2015,AMZN,381.829987
22,2/16/2015,AMZN,383.660004
23,2/23/2015,AMZN,380.160004
24,3/2/2015,AMZN,380.089996
25,3/9/2015,AMZN,370.579987
26,3/16/2015,AMZN,378.48999
27,3/23/2015,AMZN,370.559998
28,3/30/2015,AMZN,372.25
29,4/6/2015,AMZN,382.649994
30,4/13/2015,AMZN,375.559998
31,4/20/2015,AMZN,445.100006
32,4/27/2015,AMZN,422.869995
33,5/4/2015,AMZN,433.690002
34,5/11/2015,AMZN,426
35,5/18/2015,AMZN,427.630005
36,5/25/2015,AMZN,429.230011
37,6/1/2015,AMZN,426.950012
38,6/8/2015,AMZN,429.920013
39,6/15/2015,AMZN,434.920013
40,6/22/2015,AMZN,438.100006
41,6/29/2015,AMZN,437.709991
42,7/6/2015,AMZN,443.51001
43,7/13/2015,AMZN,483.01001
44,7/20/2015,AMZN,529.419983
45,7/27/2015,AMZN,536.150024
46,8/3/2015,AMZN,522.619995
47,8/10/2015,AMZN,531.52002
48,8/17/2015,AMZN,494.470001
49,8/24/2015,AMZN,518.01001
50,8/31/2015,AMZN,499
51,9/7/2015,AMZN,529.440002
52,9/14/2015,AMZN,540.26001
53,9/21/2015,AMZN,524.25
54,9/28/2015,AMZN,532.539978
55,10/5/2015,AMZN,539.799988
56,10/12/2015,AMZN,570.76001
57,10/19/2015,AMZN,599.030029
58,10/26/2015,AMZN,625.900024
59,11/2/2015,AMZN,659.369995
60,11/9/2015,AMZN,642.349976
61,11/16/2015,AMZN,668.450012
62,11/23/2015,AMZN,673.26001
63,11/30/2015,AMZN,672.640015
64,12/7/2015,AMZN,640.150024
65,12/14/2015,AMZN,664.140015
66,12/21/2015,AMZN,662.789978
67,12/28/2015,AMZN,675.890015
68,1/4/2016,AMZN,607.049988
69,1/11/2016,AMZN,570.179993
70,1/18/2016,AMZN,596.380005
71,1/25/2016,AMZN,587
72,2/1/2016,AMZN,502.130005
73,2/8/2016,AMZN,507.079987
74,2/15/2016,AMZN,534.900024
75,2/22/2016,AMZN,555.22998
76,2/29/2016,AMZN,575.140015
77,3/7/2016,AMZN,569.609985
78,3/14/2016,AMZN,552.080017
79,3/21/2016,AMZN,582.950012
80,3/28/2016,AMZN,598.5
81,4/4/2016,AMZN,594.599976
82,4/11/2016,AMZN,625.890015
83,4/18/2016,AMZN,620.5
84,4/25/2016,AMZN,659.590027
85,5/2/2016,AMZN,673.950012
86,5/9/2016,AMZN,709.919983
87,5/16/2016,AMZN,702.799988
88,5/23/2016,AMZN,712.23999
89,5/30/2016,AMZN,725.539978
90,6/6/2016,AMZN,717.909973
91,6/13/2016,AMZN,706.390015
92,6/20/2016,AMZN,698.960022
93,6/27/2016,AMZN,725.679993
94,7/4/2016,AMZN,745.809998
95,7/11/2016,AMZN,735.440002
96,7/18/2016,AMZN,744.859985
97,7/25/2016,AMZN,758.809998
98,8/1/2016,AMZN,765.97998
99,8/8/2016,AMZN,772.559998
100,8/15/2016,AMZN,757.309998
101,8/22/2016,AMZN,769
102,8/29/2016,AMZN,772.440002
103,9/5/2016,AMZN,760.140015
104,9/12/2016,AMZN,778.52002
105,9/19/2016,AMZN,805.75
106,9/26/2016,AMZN,837.309998
107,10/3/2016,AMZN,839.429993
108,10/10/2016,AMZN,822.960022
109,10/17/2016,AMZN,818.98999
110,10/24/2016,AMZN,776.320007
111,10/31/2016,AMZN,755.049988
112,11/7/2016,AMZN,739.01001
113,11/14/2016,AMZN,760.159973
114,11/21/2016,AMZN,780.369995
115,11/28/2016,AMZN,740.340027
116,12/5/2016,AMZN,768.659973
117,12/12/2016,AMZN,757.77002
118,12/19/2016,AMZN,760.590027
119,12/26/2016,AMZN,749.869995
120,1/2/2017,AMZN,795.98999
121,1/9/2017,AMZN,817.140015
122,1/16/2017,AMZN,808.330017
123,1/23/2017,AMZN,835.77002
124,1/30/2017,AMZN,810.200012
125,2/6/2017,AMZN,827.460022
126,2/13/2017,AMZN,845.070007
127,2/20/2017,AMZN,845.23999
128,2/27/2017,AMZN,849.880005
129,3/6/2017,AMZN,852.460022
130,3/13/2017,AMZN,852.309998
131,3/20/2017,AMZN,845.609985
132,3/27/2017,AMZN,886.539978
133,4/3/2017,AMZN,894.880005
134,4/10/2017,AMZN,884.669983
135,4/17/2017,AMZN,898.530029
136,4/24/2017,AMZN,924.98999
137,5/1/2017,AMZN,934.150024
138,5/8/2017,AMZN,961.349976
139,5/15/2017,AMZN,959.840027
140,5/22/2017,AMZN,995.780029
141,5/29/2017,AMZN,1006.72998
142,6/5/2017,AMZN,978.309998
143,6/12/2017,AMZN,987.710022
144,6/19/2017,AMZN,1003.73999
145,6/26/2017,AMZN,968
146,7/3/2017,AMZN,978.76001
147,7/10/2017,AMZN,1001.809998
148,7/17/2017,AMZN,1025.670044
149,7/24/2017,AMZN,1020.039978
150,7/31/2017,AMZN,987.580017
151,8/7/2017,AMZN,967.98999
152,8/14/2017,AMZN,958.469971
153,8/21/2017,AMZN,945.26001
154,8/28/2017,AMZN,978.25
155,9/4/2017,AMZN,965.900024
156,9/11/2017,AMZN,986.789978
157,9/18/2017,AMZN,955.099976
158,9/25/2017,AMZN,961.349976
159,10/2/2017,AMZN,989.580017
160,10/9/2017,AMZN,1002.940002
161,10/16/2017,AMZN,982.909973
162,10/23/2017,AMZN,1100.949951
163,10/30/2017,AMZN,1111.599976
164,11/6/2017,AMZN,1125.349976
165,11/13/2017,AMZN,1129.880005
166,11/20/2017,AMZN,1186
167,11/27/2017,AMZN,1162.349976
168,12/4/2017,AMZN,1162
169,12/11/2017,AMZN,1179.140015
170,12/18/2017,AMZN,1168.359985
171,12/25/2017,AMZN,1169.469971
172,1/1/2018,AMZN,1229.140015
173,1/8/2018,AMZN,1305.199951
174,1/15/2018,AMZN,1294.579956
175,1/22/2018,AMZN,1402.050049
176,1/29/2018,AMZN,1429.949951
177,2/5/2018,AMZN,1339.599976
178,2/12/2018,AMZN,1448.689941
179,2/19/2018,AMZN,1500
180,2/26/2018,AMZN,1500.25
181,3/5/2018,AMZN,1578.890015
182,3/12/2018,AMZN,1571.680054
183,3/19/2018,AMZN,1495.560059
184,3/26/2018,AMZN,1447.339966
185,4/2/2018,AMZN,1405.22998
186,4/9/2018,AMZN,1430.790039
187,4/16/2018,AMZN,1527.48999
188,4/23/2018,AMZN,1572.619995
189,4/30/2018,AMZN,1580.949951
190,5/7/2018,AMZN,1602.910034
191,5/14/2018,AMZN,1574.369995
192,5/21/2018,AMZN,1610.150024
193,5/28/2018,AMZN,1641.540039
194,6/4/2018,AMZN,1683.98999
195,6/11/2018,AMZN,1715.969971
196,6/18/2018,AMZN,1715.670044
197,6/25/2018,AMZN,1699.800049
198,7/2/2018,AMZN,1710.630005
199,7/9/2018,AMZN,1813.030029
200,7/16/2018,AMZN,1813.699951
201,7/23/2018,AMZN,1817.27002
202,7/30/2018,AMZN,1823.290039
203,8/6/2018,AMZN,1886.300049
204,8/13/2018,AMZN,1882.219971
205,8/20/2018,AMZN,1905.390015
206,8/27/2018,AMZN,2012.709961
207,9/3/2018,AMZN,1952.069946
208,9/10/2018,AMZN,1970.189941
209,9/17/2018,AMZN,1915.01001
210,9/24/2018,AMZN,2003
211,10/1/2018,AMZN,1889.650024
212,10/8/2018,AMZN,1788.609985
213,10/15/2018,AMZN,1764.030029
214,10/22/2018,AMZN,1642.810059
215,10/29/2018,AMZN,1665.530029
216,11/5/2018,AMZN,1712.430054
217,11/12/2018,AMZN,1593.410034
218,11/19/2018,AMZN,1502.060059
219,11/26/2018,AMZN,1690.170044
220,12/3/2018,AMZN,1629.130005
221,12/10/2018,AMZN,1591.910034
222,12/17/2018,AMZN,1377.449951
223,12/24/2018,AMZN,1478.02002
224,12/31/2018,AMZN,1575.390015
225,1/7/2019,AMZN,1640.560059
226,1/14/2019,AMZN,1696.199951
227,1/21/2019,AMZN,1670.569946
228,1/28/2019,AMZN,1626.22998
229,2/4/2019,AMZN,1588.219971
230,2/11/2019,AMZN,1607.949951
231,2/18/2019,AMZN,1631.560059
232,2/25/2019,AMZN,1671.72998
233,3/4/2019,AMZN,1620.800049
234,3/11/2019,AMZN,1712.359985
235,3/18/2019,AMZN,1764.77002
236,3/25/2019,AMZN,1780.75
237,4/1/2019,AMZN,1837.280029
238,4/8/2019,AMZN,1843.060059
239,4/15/2019,AMZN,1861.689941
240,4/22/2019,AMZN,1950.630005
241,4/29/2019,AMZN,1962.459961
242,5/6/2019,AMZN,1889.97998
243,5/13/2019,AMZN,1869
244,5/20/2019,AMZN,1823.280029
245,5/27/2019,AMZN,1775.069946
246,6/3/2019,AMZN,1804.030029
247,6/10/2019,AMZN,1869.670044
248,6/17/2019,AMZN,1911.300049
249,6/24/2019,AMZN,1893.630005
250,7/1/2019,AMZN,1942.910034
251,7/8/2019,AMZN,2011
252,7/15/2019,AMZN,1964.52002
253,7/22/2019,AMZN,1943.050049
254,7/29/2019,AMZN,1823.23999
255,8/5/2019,AMZN,1807.579956
256,8/12/2019,AMZN,1792.569946
257,8/19/2019,AMZN,1749.619995
258,8/26/2019,AMZN,1776.290039
259,9/2/2019,AMZN,1833.51001
260,9/9/2019,AMZN,1839.339966
261,9/16/2019,AMZN,1794.160034
262,9/23/2019,AMZN,1725.449951
263,9/30/2019,AMZN,1739.650024
264,10/7/2019,AMZN,1731.920044
265,10/14/2019,AMZN,1757.51001
266,10/21/2019,AMZN,1761.329956
267,10/28/2019,AMZN,1791.439941
268,11/4/2019,AMZN,1785.880005
269,11/11/2019,AMZN,1739.48999
270,11/18/2019,AMZN,1745.719971
271,11/25/2019,AMZN,1800.800049
272,12/2/2019,AMZN,1751.599976
273,12/9/2019,AMZN,1760.939941
274,12/16/2019,AMZN,1786.5
275,12/23/2019,AMZN,1869.800049
276,12/30/2019,AMZN,1874.969971
277,1/6/2020,AMZN,1883.160034
278,1/13/2020,AMZN,1864.719971
279,1/20/2020,AMZN,1861.640015
280,1/27/2020,AMZN,2008.719971
281,2/3/2020,AMZN,2079.280029
282,2/10/2020,AMZN,2134.870117
283,2/17/2020,AMZN,2095.969971
284,2/24/2020,AMZN,1883.75
285,3/2/2020,AMZN,1901.089966
286,3/9/2020,AMZN,1785
287,3/16/2020,AMZN,1846.089966
288,3/23/2020,AMZN,1900.099976
289,3/30/2020,AMZN,1906.589966
290,4/6/2020,AMZN,2042.76001
291,4/13/2020,AMZN,2375
292,4/20/2020,AMZN,2410.219971
293,4/27/2020,AMZN,2286.040039
294,5/4/2020,AMZN,2379.610107
295,5/11/2020,AMZN,2409.780029
296,5/18/2020,AMZN,2436.879883
297,5/25/2020,AMZN,2442.370117
298,6/1/2020,AMZN,2483
299,6/8/2020,AMZN,2545.02002
300,6/15/2020,AMZN,2675.01001
301,6/22/2020,AMZN,2692.870117
302,6/29/2020,AMZN,2890.300049
303,7/6/2020,AMZN,3200
304,7/13/2020,AMZN,2961.969971
305,7/20/2020,AMZN,3008.909912
306,7/27/2020,AMZN,3164.679932
307,8/3/2020,AMZN,3167.459961
308,8/10/2020,AMZN,3148.02002
309,8/17/2020,AMZN,3284.719971
310,8/24/2020,AMZN,3401.800049
311,8/31/2020,AMZN,3294.620117
312,9/7/2020,AMZN,3149.840088
313,9/15/2014,GOOG,594.447937
314,9/22/2014,GOOG,575.519897
315,9/29/2014,GOOG,573.704895
316,10/6/2014,GOOG,542.999207
317,10/13/2014,GOOG,509.770416
318,10/20/2014,GOOG,538.302063
319,10/27/2014,GOOG,557.549255
320,11/3/2014,GOOG,539.528748
321,11/10/2014,GOOG,542.909424
322,11/17/2014,GOOG,536.02832
323,11/24/2014,GOOG,540.346497
324,12/1/2014,GOOG,523.821838
325,12/8/2014,GOOG,517.239929
326,12/15/2014,GOOG,514.936218
327,12/22/2014,GOOG,532.56781
328,12/29/2014,GOOG,523.373108
329,1/5/2015,GOOG,494.811493
330,1/12/2015,GOOG,506.688873
331,1/19/2015,GOOG,538.471619
332,1/26/2015,GOOG,533.056519
333,2/2/2015,GOOG,529.546143
334,2/9/2015,GOOG,547.506836
335,2/16/2015,GOOG,537.474365
336,2/23/2015,GOOG,556.871094
337,3/2/2015,GOOG,566.130676
338,3/9/2015,GOOG,545.821472
339,3/16/2015,GOOG,558.825745
340,3/23/2015,GOOG,546.838684
341,3/30/2015,GOOG,534.063721
342,4/6/2015,GOOG,538.531433
343,4/13/2015,GOOG,522.615173
344,4/20/2015,GOOG,563.512878
345,4/27/2015,GOOG,537.900024
346,5/4/2015,GOOG,538.219971
347,5/11/2015,GOOG,533.849976
348,5/18/2015,GOOG,540.109985
349,5/25/2015,GOOG,532.109985
350,6/1/2015,GOOG,533.330017
351,6/8/2015,GOOG,532.330017
352,6/15/2015,GOOG,536.690002
353,6/22/2015,GOOG,531.690002
354,6/29/2015,GOOG,523.400024
355,7/6/2015,GOOG,530.130005
356,7/13/2015,GOOG,672.929993
357,7/20/2015,GOOG,623.559998
358,7/27/2015,GOOG,625.609985
359,8/3/2015,GOOG,635.299988
360,8/10/2015,GOOG,657.119995
361,8/17/2015,GOOG,612.47998
362,8/24/2015,GOOG,630.380005
363,8/31/2015,GOOG,600.700012
364,9/7/2015,GOOG,625.77002
365,9/14/2015,GOOG,629.25
366,9/21/2015,GOOG,611.969971
367,9/28/2015,GOOG,626.909973
368,10/5/2015,GOOG,643.609985
369,10/12/2015,GOOG,662.200012
370,10/19/2015,GOOG,702
371,10/26/2015,GOOG,710.809998
372,11/2/2015,GOOG,733.76001
373,11/9/2015,GOOG,717
374,11/16/2015,GOOG,756.599976
375,11/23/2015,GOOG,750.26001
376,11/30/2015,GOOG,766.809998
377,12/7/2015,GOOG,738.869995
378,12/14/2015,GOOG,739.309998
379,12/21/2015,GOOG,748.400024
380,12/28/2015,GOOG,758.880005
381,1/4/2016,GOOG,714.469971
382,1/11/2016,GOOG,694.450012
383,1/18/2016,GOOG,725.25
384,1/25/2016,GOOG,742.950012
385,2/1/2016,GOOG,683.570007
386,2/8/2016,GOOG,682.400024
387,2/15/2016,GOOG,700.909973
388,2/22/2016,GOOG,705.070007
389,2/29/2016,GOOG,710.890015
390,3/7/2016,GOOG,726.820007
391,3/14/2016,GOOG,737.599976
392,3/21/2016,GOOG,735.299988
393,3/28/2016,GOOG,749.909973
394,4/4/2016,GOOG,739.150024
395,4/11/2016,GOOG,759
396,4/18/2016,GOOG,718.77002
397,4/25/2016,GOOG,693.01001
398,5/2/2016,GOOG,711.119995
399,5/9/2016,GOOG,710.830017
400,5/16/2016,GOOG,709.73999
401,5/23/2016,GOOG,732.659973
402,5/30/2016,GOOG,722.340027
403,6/6/2016,GOOG,719.409973
404,6/13/2016,GOOG,691.719971
405,6/20/2016,GOOG,675.219971
406,6/27/2016,GOOG,699.210022
407,7/4/2016,GOOG,705.630005
408,7/11/2016,GOOG,719.849976
409,7/18/2016,GOOG,742.73999
410,7/25/2016,GOOG,768.789978
411,8/1/2016,GOOG,782.219971
412,8/8/2016,GOOG,783.219971
413,8/15/2016,GOOG,775.419983
414,8/22/2016,GOOG,769.539978
415,8/29/2016,GOOG,771.460022
416,9/5/2016,GOOG,759.659973
417,9/12/2016,GOOG,768.880005
418,9/19/2016,GOOG,786.900024
419,9/26/2016,GOOG,777.289978
420,10/3/2016,GOOG,775.080017
421,10/10/2016,GOOG,778.530029
422,10/17/2016,GOOG,799.369995
423,10/24/2016,GOOG,795.369995
424,10/31/2016,GOOG,762.02002
425,11/7/2016,GOOG,754.02002
426,11/14/2016,GOOG,760.539978
427,11/21/2016,GOOG,761.679993
428,11/28/2016,GOOG,750.5
429,12/5/2016,GOOG,789.289978
430,12/12/2016,GOOG,790.799988
431,12/19/2016,GOOG,789.909973
432,12/26/2016,GOOG,771.820007
433,1/2/2017,GOOG,806.150024
434,1/9/2017,GOOG,807.880005
435,1/16/2017,GOOG,805.02002
436,1/23/2017,GOOG,823.309998
437,1/30/2017,GOOG,801.48999
438,2/6/2017,GOOG,813.669983
439,2/13/2017,GOOG,828.070007
440,2/20/2017,GOOG,828.640015
441,2/27/2017,GOOG,829.080017
442,3/6/2017,GOOG,843.25
443,3/13/2017,GOOG,852.119995
444,3/20/2017,GOOG,814.429993
445,3/27/2017,GOOG,829.559998
446,4/3/2017,GOOG,824.669983
447,4/10/2017,GOOG,823.559998
448,4/17/2017,GOOG,843.190002
449,4/24/2017,GOOG,905.960022
450,5/1/2017,GOOG,927.130005
451,5/8/2017,GOOG,932.219971
452,5/15/2017,GOOG,934.01001
453,5/22/2017,GOOG,971.469971
454,5/29/2017,GOOG,975.599976
455,6/5/2017,GOOG,949.830017
456,6/12/2017,GOOG,939.780029
457,6/19/2017,GOOG,965.590027
458,6/26/2017,GOOG,908.72998
459,7/3/2017,GOOG,918.590027
460,7/10/2017,GOOG,955.98999
461,7/17/2017,GOOG,972.919983
462,7/24/2017,GOOG,941.530029
463,7/31/2017,GOOG,927.960022
464,8/7/2017,GOOG,914.390015
465,8/14/2017,GOOG,910.669983
466,8/21/2017,GOOG,915.890015
467,8/28/2017,GOOG,937.340027
468,9/4/2017,GOOG,926.5
469,9/11/2017,GOOG,920.289978
470,9/18/2017,GOOG,928.530029
471,9/25/2017,GOOG,959.109985
472,10/2/2017,GOOG,978.890015
473,10/9/2017,GOOG,989.679993
474,10/16/2017,GOOG,988.200012
475,10/23/2017,GOOG,1019.27002
476,10/30/2017,GOOG,1032.47998
477,11/6/2017,GOOG,1028.069946
478,11/13/2017,GOOG,1019.090027
479,11/20/2017,GOOG,1040.609985
480,11/27/2017,GOOG,1010.169983
481,12/4/2017,GOOG,1037.050049
482,12/11/2017,GOOG,1064.189941
483,12/18/2017,GOOG,1060.119995
484,12/25/2017,GOOG,1046.400024
485,1/1/2018,GOOG,1102.22998
486,1/8/2018,GOOG,1122.26001
487,1/15/2018,GOOG,1137.51001
488,1/22/2018,GOOG,1175.839966
489,1/29/2018,GOOG,1111.900024
490,2/5/2018,GOOG,1037.780029
491,2/12/2018,GOOG,1094.800049
492,2/19/2018,GOOG,1126.790039
493,2/26/2018,GOOG,1078.920044
494,3/5/2018,GOOG,1160.040039
495,3/12/2018,GOOG,1135.72998
496,3/19/2018,GOOG,1021.570007
497,3/26/2018,GOOG,1031.790039
498,4/2/2018,GOOG,1007.039978
499,4/9/2018,GOOG,1029.27002
500,4/16/2018,GOOG,1072.959961
501,4/23/2018,GOOG,1030.050049
502,4/30/2018,GOOG,1048.209961
503,5/7/2018,GOOG,1098.26001
504,5/14/2018,GOOG,1066.359985
505,5/21/2018,GOOG,1075.660034
506,5/28/2018,GOOG,1119.5
507,6/4/2018,GOOG,1120.869995
508,6/11/2018,GOOG,1152.26001
509,6/18/2018,GOOG,1155.47998
510,6/25/2018,GOOG,1115.650024
511,7/2/2018,GOOG,1140.170044
512,7/9/2018,GOOG,1188.819946
513,7/16/2018,GOOG,1184.910034
514,7/23/2018,GOOG,1238.5
515,7/30/2018,GOOG,1223.709961
516,8/6/2018,GOOG,1237.609985
517,8/13/2018,GOOG,1200.959961
518,8/20/2018,GOOG,1220.650024
519,8/27/2018,GOOG,1218.189941
520,9/3/2018,GOOG,1164.829956
521,9/10/2018,GOOG,1172.530029
522,9/17/2018,GOOG,1166.089966
523,9/24/2018,GOOG,1193.469971
524,10/1/2018,GOOG,1157.349976
525,10/8/2018,GOOG,1110.079956
526,10/15/2018,GOOG,1096.459961
527,10/22/2018,GOOG,1071.469971
528,10/29/2018,GOOG,1057.790039
529,11/5/2018,GOOG,1066.150024
530,11/12/2018,GOOG,1061.48999
531,11/19/2018,GOOG,1023.880005
532,11/26/2018,GOOG,1094.430054
533,12/3/2018,GOOG,1036.579956
534,12/10/2018,GOOG,1042.099976
535,12/17/2018,GOOG,979.539978
536,12/24/2018,GOOG,1037.079956
537,12/31/2018,GOOG,1070.709961
538,1/7/2019,GOOG,1057.189941
539,1/14/2019,GOOG,1098.26001
540,1/21/2019,GOOG,1090.98999
541,1/28/2019,GOOG,1110.75
542,2/4/2019,GOOG,1095.060059
543,2/11/2019,GOOG,1113.650024
544,2/18/2019,GOOG,1110.369995
545,2/25/2019,GOOG,1140.98999
546,3/4/2019,GOOG,1142.319946
547,3/11/2019,GOOG,1184.459961
548,3/18/2019,GOOG,1205.5
549,3/25/2019,GOOG,1173.310059
550,4/1/2019,GOOG,1207.150024
551,4/8/2019,GOOG,1217.869995
552,4/15/2019,GOOG,1236.369995
553,4/22/2019,GOOG,1272.180054
554,4/29/2019,GOOG,1185.400024
555,5/6/2019,GOOG,1164.27002
556,5/13/2019,GOOG,1162.300049
557,5/20/2019,GOOG,1133.469971
558,5/27/2019,GOOG,1103.630005
559,6/3/2019,GOOG,1066.040039
560,6/10/2019,GOOG,1085.349976
561,6/17/2019,GOOG,1121.880005
562,6/24/2019,GOOG,1080.910034
563,7/1/2019,GOOG,1131.589966
564,7/8/2019,GOOG,1144.900024
565,7/15/2019,GOOG,1130.099976
566,7/22/2019,GOOG,1250.410034
567,7/29/2019,GOOG,1193.98999
568,8/5/2019,GOOG,1188.01001
569,8/12/2019,GOOG,1177.599976
570,8/19/2019,GOOG,1151.290039
571,8/26/2019,GOOG,1188.099976
572,9/2/2019,GOOG,1204.930054
573,9/9/2019,GOOG,1239.560059
574,9/16/2019,GOOG,1229.930054
575,9/23/2019,GOOG,1225.089966
576,9/30/2019,GOOG,1209
577,10/7/2019,GOOG,1215.449951
578,10/14/2019,GOOG,1245.48999
579,10/21/2019,GOOG,1265.130005
580,10/28/2019,GOOG,1273.73999
581,11/4/2019,GOOG,1311.369995
582,11/11/2019,GOOG,1334.869995
583,11/18/2019,GOOG,1295.339966
584,11/25/2019,GOOG,1304.959961
585,12/2/2019,GOOG,1340.619995
586,12/9/2019,GOOG,1347.829956
587,12/16/2019,GOOG,1349.589966
588,12/23/2019,GOOG,1351.890015
589,12/30/2019,GOOG,1360.660034
590,1/6/2020,GOOG,1429.72998
591,1/13/2020,GOOG,1480.390015
592,1/20/2020,GOOG,1466.709961
593,1/27/2020,GOOG,1434.22998
594,2/3/2020,GOOG,1479.22998
595,2/10/2020,GOOG,1520.73999
596,2/17/2020,GOOG,1485.109985
597,2/24/2020,GOOG,1339.329956
598,3/2/2020,GOOG,1298.410034
599,3/9/2020,GOOG,1219.72998
600,3/16/2020,GOOG,1072.319946
601,3/23/2020,GOOG,1110.709961
602,3/30/2020,GOOG,1097.880005
603,4/6/2020,GOOG,1211.449951
604,4/13/2020,GOOG,1283.25
605,4/20/2020,GOOG,1279.310059
606,4/27/2020,GOOG,1320.609985
607,5/4/2020,GOOG,1388.369995
608,5/11/2020,GOOG,1373.189941
609,5/18/2020,GOOG,1410.420044
610,5/25/2020,GOOG,1428.920044
611,6/1/2020,GOOG,1438.390015
612,6/8/2020,GOOG,1413.180054
613,6/15/2020,GOOG,1431.719971
614,6/22/2020,GOOG,1359.900024
615,6/29/2020,GOOG,1464.699951
616,7/6/2020,GOOG,1541.73999
617,7/13/2020,GOOG,1515.550049
618,7/20/2020,GOOG,1511.869995
619,7/27/2020,GOOG,1482.959961
620,8/3/2020,GOOG,1494.48999
621,8/10/2020,GOOG,1507.72998
622,8/17/2020,GOOG,1580.420044
623,8/24/2020,GOOG,1644.410034
624,8/31/2020,GOOG,1591.040039
625,9/7/2020,GOOG,1532.390015
626,9/15/2014,FB,77.910004
627,9/22/2014,FB,78.790001
628,9/29/2014,FB,77.440002
629,10/6/2014,FB,72.910004
630,10/13/2014,FB,75.949997
631,10/20/2014,FB,80.669998
632,10/27/2014,FB,74.989998
633,11/3/2014,FB,75.599998
634,11/10/2014,FB,74.879997
635,11/17/2014,FB,73.75
636,11/24/2014,FB,77.699997
637,12/1/2014,FB,76.360001
638,12/8/2014,FB,77.830002
639,12/15/2014,FB,79.879997
640,12/22/2014,FB,80.779999
641,12/29/2014,FB,78.449997
642,1/5/2015,FB,77.739998
643,1/12/2015,FB,75.18
644,1/19/2015,FB,77.830002
645,1/26/2015,FB,75.910004
646,2/2/2015,FB,74.470001
647,2/9/2015,FB,75.739998
648,2/16/2015,FB,79.900002
649,2/23/2015,FB,78.970001
650,3/2/2015,FB,80.010002
651,3/9/2015,FB,78.050003
652,3/16/2015,FB,83.800003
653,3/23/2015,FB,83.300003
654,3/30/2015,FB,81.559998
655,4/6/2015,FB,82.040001
656,4/13/2015,FB,80.779999
657,4/20/2015,FB,81.529999
658,4/27/2015,FB,78.989998
659,5/4/2015,FB,78.510002
660,5/11/2015,FB,80.419998
661,5/18/2015,FB,80.540001
662,5/25/2015,FB,79.190002
663,6/1/2015,FB,82.139999
664,6/8/2015,FB,81.529999
665,6/15/2015,FB,82.510002
666,6/22/2015,FB,88.010002
667,6/29/2015,FB,87.290001
668,7/6/2015,FB,87.949997
669,7/13/2015,FB,94.970001
670,7/20/2015,FB,96.949997
671,7/27/2015,FB,94.010002
672,8/3/2015,FB,94.300003
673,8/10/2015,FB,94.419998
674,8/17/2015,FB,86.059998
675,8/24/2015,FB,91.010002
676,8/31/2015,FB,88.260002
677,9/7/2015,FB,92.050003
678,9/14/2015,FB,94.400002
679,9/21/2015,FB,92.769997
680,9/28/2015,FB,92.07
681,10/5/2015,FB,93.239998
682,10/12/2015,FB,97.540001
683,10/19/2015,FB,102.190002
684,10/26/2015,FB,101.970001
685,11/2/2015,FB,107.099998
686,11/9/2015,FB,103.949997
687,11/16/2015,FB,107.32
688,11/23/2015,FB,105.449997
689,11/30/2015,FB,106.18
690,12/7/2015,FB,102.120003
691,12/14/2015,FB,104.040001
692,12/21/2015,FB,105.019997
693,12/28/2015,FB,104.660004
694,1/4/2016,FB,97.330002
695,1/11/2016,FB,94.970001
696,1/18/2016,FB,97.940002
697,1/25/2016,FB,112.209999
698,2/1/2016,FB,104.07
699,2/8/2016,FB,102.010002
700,2/15/2016,FB,104.57
701,2/22/2016,FB,107.919998
702,2/29/2016,FB,108.389999
703,3/7/2016,FB,109.410004
704,3/14/2016,FB,111.449997
705,3/21/2016,FB,113.050003
706,3/28/2016,FB,116.059998
707,4/4/2016,FB,110.629997
708,4/11/2016,FB,109.639999
709,4/18/2016,FB,110.559998
710,4/25/2016,FB,117.580002
711,5/2/2016,FB,119.489998
712,5/9/2016,FB,119.809998
713,5/16/2016,FB,117.349998
714,5/23/2016,FB,119.379997
715,5/30/2016,FB,118.470001
716,6/6/2016,FB,116.620003
717,6/13/2016,FB,113.019997
718,6/20/2016,FB,112.080002
719,6/27/2016,FB,114.190002
720,7/4/2016,FB,117.239998
721,7/11/2016,FB,116.860001
722,7/18/2016,FB,121
723,7/25/2016,FB,123.940002
724,8/1/2016,FB,125.150002
725,8/8/2016,FB,124.879997
726,8/15/2016,FB,123.559998
727,8/22/2016,FB,124.959999
728,8/29/2016,FB,126.510002
729,9/5/2016,FB,127.099998
730,9/12/2016,FB,129.070007
731,9/19/2016,FB,127.959999
732,9/26/2016,FB,128.270004
733,10/3/2016,FB,128.990005
734,10/10/2016,FB,127.879997
735,10/17/2016,FB,132.070007
736,10/24/2016,FB,131.289993
737,10/31/2016,FB,120.75
738,11/7/2016,FB,119.019997
739,11/14/2016,FB,117.019997
740,11/21/2016,FB,120.379997
741,11/28/2016,FB,115.400002
742,12/5/2016,FB,119.68
743,12/12/2016,FB,119.870003
744,12/19/2016,FB,117.269997
745,12/26/2016,FB,115.050003
746,1/2/2017,FB,123.410004
747,1/9/2017,FB,128.339996
748,1/16/2017,FB,127.040001
749,1/23/2017,FB,132.179993
750,1/30/2017,FB,130.979996
751,2/6/2017,FB,134.190002
752,2/13/2017,FB,133.529999
753,2/20/2017,FB,135.440002
754,2/27/2017,FB,137.169998
755,3/6/2017,FB,138.789993
756,3/13/2017,FB,139.839996
757,3/20/2017,FB,140.339996
758,3/27/2017,FB,142.050003
759,4/3/2017,FB,140.779999
760,4/10/2017,FB,139.389999
761,4/17/2017,FB,143.679993
762,4/24/2017,FB,150.25
763,5/1/2017,FB,150.240005
764,5/8/2017,FB,150.330002
765,5/15/2017,FB,148.059998
766,5/22/2017,FB,152.130005
767,5/29/2017,FB,153.610001
768,6/5/2017,FB,149.600006
769,6/12/2017,FB,150.639999
770,6/19/2017,FB,155.070007
771,6/26/2017,FB,150.979996
772,7/3/2017,FB,151.440002
773,7/10/2017,FB,159.970001
774,7/17/2017,FB,164.429993
775,7/24/2017,FB,172.449997
776,7/31/2017,FB,169.619995
777,8/7/2017,FB,168.080002
778,8/14/2017,FB,167.410004
779,8/21/2017,FB,166.320007
780,8/28/2017,FB,172.020004
781,9/4/2017,FB,170.949997
782,9/11/2017,FB,171.639999
783,9/18/2017,FB,170.539993
784,9/25/2017,FB,170.869995
785,10/2/2017,FB,172.229996
786,10/9/2017,FB,173.740005
787,10/16/2017,FB,174.979996
788,10/23/2017,FB,177.880005
789,10/30/2017,FB,178.919998
790,11/6/2017,FB,178.460007
791,11/13/2017,FB,179
792,11/20/2017,FB,182.779999
793,11/27/2017,FB,175.100006
794,12/4/2017,FB,179
795,12/11/2017,FB,180.179993
796,12/18/2017,FB,177.199997
797,12/25/2017,FB,176.460007
798,1/1/2018,FB,186.850006
799,1/8/2018,FB,179.369995
800,1/15/2018,FB,181.289993
801,1/22/2018,FB,190
802,1/29/2018,FB,190.279999
803,2/5/2018,FB,176.110001
804,2/12/2018,FB,177.360001
805,2/19/2018,FB,183.289993
806,2/26/2018,FB,176.619995
807,3/5/2018,FB,185.229996
808,3/12/2018,FB,185.089996
809,3/19/2018,FB,159.389999
810,3/26/2018,FB,159.789993
811,4/2/2018,FB,157.199997
812,4/9/2018,FB,164.520004
813,4/16/2018,FB,166.279999
814,4/23/2018,FB,173.589996
815,4/30/2018,FB,176.610001
816,5/7/2018,FB,186.990005
817,5/14/2018,FB,182.679993
818,5/21/2018,FB,184.919998
819,5/28/2018,FB,193.990005
820,6/4/2018,FB,189.100006
821,6/11/2018,FB,195.850006
822,6/18/2018,FB,201.740005
823,6/25/2018,FB,194.320007
824,7/2/2018,FB,203.229996
825,7/9/2018,FB,207.320007
826,7/16/2018,FB,209.940002
827,7/23/2018,FB,174.889999
828,7/30/2018,FB,177.779999
829,8/6/2018,FB,180.259995
830,8/13/2018,FB,173.800003
831,8/20/2018,FB,174.649994
832,8/27/2018,FB,175.729996
833,9/3/2018,FB,163.039993
834,9/10/2018,FB,162.320007
835,9/17/2018,FB,162.929993
836,9/24/2018,FB,164.460007
837,10/1/2018,FB,157.330002
838,10/8/2018,FB,153.740005
839,10/15/2018,FB,154.050003
840,10/22/2018,FB,145.369995
841,10/29/2018,FB,150.350006
842,11/5/2018,FB,144.960007
843,11/12/2018,FB,139.529999
844,11/19/2018,FB,131.729996
845,11/26/2018,FB,140.610001
846,12/3/2018,FB,137.419998
847,12/10/2018,FB,144.059998
848,12/17/2018,FB,124.949997
849,12/24/2018,FB,133.199997
850,12/31/2018,FB,137.949997
851,1/7/2019,FB,143.800003
852,1/14/2019,FB,150.039993
853,1/21/2019,FB,149.009995
854,1/28/2019,FB,165.710007
855,2/4/2019,FB,167.330002
856,2/11/2019,FB,162.5
857,2/18/2019,FB,161.889999
858,2/25/2019,FB,162.279999
859,3/4/2019,FB,169.600006
860,3/11/2019,FB,165.979996
861,3/18/2019,FB,164.339996
862,3/25/2019,FB,166.690002
863,4/1/2019,FB,175.720001
864,4/8/2019,FB,179.100006
865,4/15/2019,FB,178.279999
866,4/22/2019,FB,191.490005
867,4/29/2019,FB,195.470001
868,5/6/2019,FB,188.339996
869,5/13/2019,FB,185.300003
870,5/20/2019,FB,181.059998
871,5/27/2019,FB,177.470001
872,6/3/2019,FB,173.350006
873,6/10/2019,FB,181.330002
874,6/17/2019,FB,191.139999
875,6/24/2019,FB,193
876,7/1/2019,FB,196.399994
877,7/8/2019,FB,204.869995
878,7/15/2019,FB,198.360001
879,7/22/2019,FB,199.75
880,7/29/2019,FB,189.020004
881,8/5/2019,FB,187.850006
882,8/12/2019,FB,183.699997
883,8/19/2019,FB,177.75
884,8/26/2019,FB,185.669998
885,9/2/2019,FB,187.490005
886,9/9/2019,FB,187.190002
887,9/16/2019,FB,189.929993
888,9/23/2019,FB,177.100006
889,9/30/2019,FB,180.449997
890,10/7/2019,FB,184.190002
891,10/14/2019,FB,185.850006
892,10/21/2019,FB,187.889999
893,10/28/2019,FB,193.619995
894,11/4/2019,FB,190.839996
895,11/11/2019,FB,195.100006
896,11/18/2019,FB,198.820007
897,11/25/2019,FB,201.639999
898,12/2/2019,FB,201.050003
899,12/9/2019,FB,194.110001
900,12/16/2019,FB,206.300003
901,12/23/2019,FB,208.100006
902,12/30/2019,FB,208.669998
903,1/6/2020,FB,218.059998
904,1/13/2020,FB,222.139999
905,1/20/2020,FB,217.940002
906,1/27/2020,FB,201.910004
907,2/3/2020,FB,212.330002
908,2/10/2020,FB,214.179993
909,2/17/2020,FB,210.179993
910,2/24/2020,FB,192.470001
911,3/2/2020,FB,181.089996
912,3/9/2020,FB,170.279999
913,3/16/2020,FB,149.729996
914,3/23/2020,FB,156.789993
915,3/30/2020,FB,154.179993
916,4/6/2020,FB,175.190002
917,4/13/2020,FB,179.240005
918,4/20/2020,FB,190.070007
919,4/27/2020,FB,202.270004
920,5/4/2020,FB,212.350006
921,5/11/2020,FB,210.880005
922,5/18/2020,FB,234.910004
923,5/25/2020,FB,225.089996
924,6/1/2020,FB,230.770004
925,6/8/2020,FB,228.580002
926,6/15/2020,FB,238.789993
927,6/22/2020,FB,216.080002
928,6/29/2020,FB,233.419998
929,7/6/2020,FB,245.070007
930,7/13/2020,FB,242.029999
931,7/20/2020,FB,230.710007
932,7/27/2020,FB,253.669998
933,8/3/2020,FB,268.440002
934,8/10/2020,FB,261.23999
935,8/17/2020,FB,267.01001
936,8/24/2020,FB,293.660004
937,8/31/2020,FB,282.730011
938,9/7/2020,FB,271.160004
939,9/15/2014,BABA,93.889999
940,9/22/2014,BABA,90.459999
941,9/29/2014,BABA,88.099998
942,10/6/2014,BABA,85.879997
943,10/13/2014,BABA,87.910004
944,10/20/2014,BABA,95.760002
945,10/27/2014,BABA,98.599998
946,11/3/2014,BABA,114.559998
947,11/10/2014,BABA,115.099998
948,11/17/2014,BABA,110.730003
949,11/24/2014,BABA,111.639999
950,12/1/2014,BABA,107.900002
951,12/8/2014,BABA,105.110001
952,12/15/2014,BABA,110.650002
953,12/22/2014,BABA,105.949997
954,12/29/2014,BABA,103.599998
955,1/5/2015,BABA,103.019997
956,1/12/2015,BABA,96.889999
957,1/19/2015,BABA,103.110001
958,1/26/2015,BABA,89.080002
959,2/2/2015,BABA,85.68
960,2/9/2015,BABA,89.050003
961,2/16/2015,BABA,86.639999
962,2/23/2015,BABA,85.120003
963,3/2/2015,BABA,84.400002
964,3/9/2015,BABA,81.860001
965,3/16/2015,BABA,85.199997
966,3/23/2015,BABA,84.580002
967,3/30/2015,BABA,82.279999
968,4/6/2015,BABA,84.580002
969,4/13/2015,BABA,81.900002
970,4/20/2015,BABA,84.57
971,4/27/2015,BABA,81.169998
972,5/4/2015,BABA,87.059998
973,5/11/2015,BABA,88.459999
974,5/18/2015,BABA,93.269997
975,5/25/2015,BABA,89.32
976,6/1/2015,BABA,90.709999
977,6/8/2015,BABA,86.629997
978,6/15/2015,BABA,85.739998
979,6/22/2015,BABA,83.279999
980,6/29/2015,BABA,82.07
981,7/6/2015,BABA,80.300003
982,7/13/2015,BABA,83.360001
983,7/20/2015,BABA,83.019997
984,7/27/2015,BABA,78.339996
985,8/3/2015,BABA,78.82
986,8/10/2015,BABA,74.760002
987,8/17/2015,BABA,68.18
988,8/24/2015,BABA,70.07
989,8/31/2015,BABA,63.91
990,9/7/2015,BABA,64.629997
991,9/14/2015,BABA,65.75
992,9/21/2015,BABA,59.240002
993,9/28/2015,BABA,63.200001
994,10/5/2015,BABA,68.709999
995,10/12/2015,BABA,71.989998
996,10/19/2015,BABA,75.620003
997,10/26/2015,BABA,83.830002
998,11/2/2015,BABA,83.610001
999,11/9/2015,BABA,75.849998
1000,11/16/2015,BABA,79.949997
1001,11/23/2015,BABA,81.379997
1002,11/30/2015,BABA,84.849998
1003,12/7/2015,BABA,79.739998
1004,12/14/2015,BABA,82.650002
1005,12/21/2015,BABA,83.709999
1006,12/28/2015,BABA,81.269997
1007,1/4/2016,BABA,70.800003
1008,1/11/2016,BABA,69.589996
1009,1/18/2016,BABA,70.370003
1010,1/25/2016,BABA,67.029999
1011,2/1/2016,BABA,62.639999
1012,2/8/2016,BABA,60.889999
1013,2/15/2016,BABA,67.279999
1014,2/22/2016,BABA,66.910004
1015,2/29/2016,BABA,72.220001
1016,3/7/2016,BABA,74.010002
1017,3/14/2016,BABA,76.25
1018,3/21/2016,BABA,75.860001
1019,3/28/2016,BABA,78.730003
1020,4/4/2016,BABA,77.470001
1021,4/11/2016,BABA,78.970001
1022,4/18/2016,BABA,79.889999
1023,4/25/2016,BABA,76.940002
1024,5/2/2016,BABA,79.199997
1025,5/9/2016,BABA,77.160004
1026,5/16/2016,BABA,78.790001
1027,5/23/2016,BABA,80.970001
1028,5/30/2016,BABA,76.620003
1029,6/6/2016,BABA,75.919998
1030,6/13/2016,BABA,77
1031,6/20/2016,BABA,76.290001
1032,6/27/2016,BABA,79.650002
1033,7/4/2016,BABA,78.989998
1034,7/11/2016,BABA,81.25
1035,7/18/2016,BABA,84.489998
1036,7/25/2016,BABA,82.480003
1037,8/1/2016,BABA,84.589996
1038,8/8/2016,BABA,98.25
1039,8/15/2016,BABA,96.860001
1040,8/22/2016,BABA,95.059998
1041,8/29/2016,BABA,99.25
1042,9/5/2016,BABA,99.620003
1043,9/12/2016,BABA,104.639999
1044,9/19/2016,BABA,107.709999
1045,9/26/2016,BABA,105.790001
1046,10/3/2016,BABA,106
1047,10/10/2016,BABA,101.849998
1048,10/17/2016,BABA,103.940002
1049,10/24/2016,BABA,101.93
1050,10/31/2016,BABA,97.57
1051,11/7/2016,BABA,92.989998
1052,11/14/2016,BABA,93.389999
1053,11/21/2016,BABA,93.010002
1054,11/28/2016,BABA,90.480003
1055,12/5/2016,BABA,93.279999
1056,12/12/2016,BABA,88.669998
1057,12/19/2016,BABA,86.790001
1058,12/26/2016,BABA,87.809998
1059,1/2/2017,BABA,93.889999
1060,1/9/2017,BABA,96.269997
1061,1/16/2017,BABA,96.059998
1062,1/23/2017,BABA,102.07
1063,1/30/2017,BABA,100.389999
1064,2/6/2017,BABA,102.360001
1065,2/13/2017,BABA,100.519997
1066,2/20/2017,BABA,102.949997
1067,2/27/2017,BABA,103.309998
1068,3/6/2017,BABA,103.389999
1069,3/13/2017,BABA,105.610001
1070,3/20/2017,BABA,108.040001
1071,3/27/2017,BABA,107.830002
1072,4/3/2017,BABA,108.989998
1073,4/10/2017,BABA,110.209999
1074,4/17/2017,BABA,113.110001
1075,4/24/2017,BABA,115.5
1076,5/1/2017,BABA,116.040001
1077,5/8/2017,BABA,120.339996
1078,5/15/2017,BABA,123.220001
1079,5/22/2017,BABA,123.989998
1080,5/29/2017,BABA,124.129997
1081,6/5/2017,BABA,139.440002
1082,6/12/2017,BABA,134.869995
1083,6/19/2017,BABA,143.009995
1084,6/26/2017,BABA,140.899994
1085,7/3/2017,BABA,142.429993
1086,7/10/2017,BABA,151.830002
1087,7/17/2017,BABA,151.889999
1088,7/24/2017,BABA,157.559998
1089,7/31/2017,BABA,153.330002
1090,8/7/2017,BABA,151.699997
1091,8/14/2017,BABA,167.5
1092,8/21/2017,BABA,171.740005
1093,8/28/2017,BABA,171.039993
1094,9/4/2017,BABA,169
1095,9/11/2017,BABA,176.699997
1096,9/18/2017,BABA,178.139999
1097,9/25/2017,BABA,172.710007
1098,10/2/2017,BABA,179.199997
1099,10/9/2017,BABA,178.449997
1100,10/16/2017,BABA,177.320007
1101,10/23/2017,BABA,176.149994
1102,10/30/2017,BABA,183.210007
1103,11/6/2017,BABA,186.410004
1104,11/13/2017,BABA,185.130005
1105,11/20/2017,BABA,191.190002
1106,11/27/2017,BABA,174.610001
1107,12/4/2017,BABA,177.619995
1108,12/11/2017,BABA,173.550003
1109,12/18/2017,BABA,176.289993
1110,12/25/2017,BABA,172.429993
1111,1/1/2018,BABA,190.699997
1112,1/8/2018,BABA,187.789993
1113,1/15/2018,BABA,184.050003
1114,1/22/2018,BABA,205.220001
1115,1/29/2018,BABA,187.309998
1116,2/5/2018,BABA,176.669998
1117,2/12/2018,BABA,183.679993
1118,2/19/2018,BABA,193.289993
1119,2/26/2018,BABA,179.759995
1120,3/5/2018,BABA,190.550003
1121,3/12/2018,BABA,200.279999
1122,3/19/2018,BABA,181.199997
1123,3/26/2018,BABA,183.539993
1124,4/2/2018,BABA,167.520004
1125,4/9/2018,BABA,172.039993
1126,4/16/2018,BABA,179.110001
1127,4/23/2018,BABA,177.160004
1128,4/30/2018,BABA,188.889999
1129,5/7/2018,BABA,194.360001
1130,5/14/2018,BABA,195
1131,5/21/2018,BABA,199.199997
1132,5/28/2018,BABA,204.339996
1133,6/4/2018,BABA,205.070007
1134,6/11/2018,BABA,208
1135,6/18/2018,BABA,202.009995
1136,6/25/2018,BABA,185.529999
1137,7/2/2018,BABA,192.270004
1138,7/9/2018,BABA,190.039993
1139,7/16/2018,BABA,187.25
1140,7/23/2018,BABA,189.419998
1141,7/30/2018,BABA,180.839996
1142,8/6/2018,BABA,180.009995
1143,8/13/2018,BABA,172.779999
1144,8/20/2018,BABA,174.229996
1145,8/27/2018,BABA,175.009995
1146,9/3/2018,BABA,162.369995
1147,9/10/2018,BABA,164.740005
1148,9/17/2018,BABA,164.630005
1149,9/24/2018,BABA,164.759995
1150,10/1/2018,BABA,154.630005
1151,10/8/2018,BABA,147.289993
1152,10/15/2018,BABA,142.929993
1153,10/22/2018,BABA,142.869995
1154,10/29/2018,BABA,147.589996
1155,11/5/2018,BABA,144.850006
1156,11/12/2018,BABA,154.100006
1157,11/19/2018,BABA,150.330002
1158,11/26/2018,BABA,160.860001
1159,12/3/2018,BABA,153.059998
1160,12/10/2018,BABA,149
1161,12/17/2018,BABA,132
1162,12/24/2018,BABA,139.089996
1163,12/31/2018,BABA,139.75
1164,1/7/2019,BABA,151.320007
1165,1/14/2019,BABA,157.020004
1166,1/21/2019,BABA,159.210007
1167,1/28/2019,BABA,167.970001
1168,2/4/2019,BABA,167.360001
1169,2/11/2019,BABA,166.149994
1170,2/18/2019,BABA,176.919998
1171,2/25/2019,BABA,183.880005
1172,3/4/2019,BABA,175.029999
1173,3/11/2019,BABA,180.970001
1174,3/18/2019,BABA,176.259995
1175,3/25/2019,BABA,182.449997
1176,4/1/2019,BABA,185.350006
1177,4/8/2019,BABA,188.910004
1178,4/15/2019,BABA,186.940002
1179,4/22/2019,BABA,187.089996
1180,4/29/2019,BABA,195.210007
1181,5/6/2019,BABA,178
1182,5/13/2019,BABA,169.570007
1183,5/20/2019,BABA,155
1184,5/27/2019,BABA,149.259995
1185,6/3/2019,BABA,154.229996
1186,6/10/2019,BABA,158.100006
1187,6/17/2019,BABA,167.550003
1188,6/24/2019,BABA,169.449997
1189,7/1/2019,BABA,173.300003
1190,7/8/2019,BABA,169.070007
1191,7/15/2019,BABA,172.990005
1192,7/22/2019,BABA,178.740005
1193,7/29/2019,BABA,161
1194,8/5/2019,BABA,159.119995
1195,8/12/2019,BABA,174.600006
1196,8/19/2019,BABA,164.539993
1197,8/26/2019,BABA,175.029999
1198,9/2/2019,BABA,176.690002
1199,9/9/2019,BABA,179.169998
1200,9/16/2019,BABA,182.509995
1201,9/23/2019,BABA,165.979996
1202,9/30/2019,BABA,170.339996
1203,10/7/2019,BABA,172.940002
1204,10/14/2019,BABA,169.130005
1205,10/21/2019,BABA,174.309998
1206,10/28/2019,BABA,176.460007
1207,11/4/2019,BABA,187.160004
1208,11/11/2019,BABA,185.490005
1209,11/18/2019,BABA,186.779999
1210,11/25/2019,BABA,200
1211,12/2/2019,BABA,201.889999
1212,12/9/2019,BABA,204.910004
1213,12/16/2019,BABA,212.25
1214,12/23/2019,BABA,215.470001
1215,12/30/2019,BABA,217
1216,1/6/2020,BABA,223.830002
1217,1/13/2020,BABA,227.429993
1218,1/20/2020,BABA,213.75
1219,1/27/2020,BABA,206.589996
1220,2/3/2020,BABA,216.529999
1221,2/10/2020,BABA,219.630005
1222,2/17/2020,BABA,212.589996
1223,2/24/2020,BABA,208
1224,3/2/2020,BABA,204.639999
1225,3/9/2020,BABA,194
1226,3/16/2020,BABA,181.300003
1227,3/23/2020,BABA,188.589996
1228,3/30/2020,BABA,187.110001
1229,4/6/2020,BABA,196.369995
1230,4/13/2020,BABA,209.5
1231,4/20/2020,BABA,204.360001
1232,4/27/2020,BABA,194.479996
1233,5/4/2020,BABA,201.190002
1234,5/11/2020,BABA,203.679993
1235,5/18/2020,BABA,199.699997
1236,5/25/2020,BABA,207.389999
1237,6/1/2020,BABA,219.550003
1238,6/8/2020,BABA,217.639999
1239,6/15/2020,BABA,220.639999
1240,6/22/2020,BABA,215.710007
1241,6/29/2020,BABA,223.600006
1242,7/6/2020,BABA,261.01001
1243,7/13/2020,BABA,247.139999
1244,7/20/2020,BABA,249
1245,7/27/2020,BABA,251.020004
1246,8/3/2020,BABA,252.100006
1247,8/10/2020,BABA,253.970001
1248,8/17/2020,BABA,265.799988
1249,8/24/2020,BABA,289
1250,8/31/2020,BABA,281.390015
1251,9/7/2020,BABA,270.019989
1252,9/15/2014,JD,28.35
1253,9/22/2014,JD,26.93
1254,9/29/2014,JD,25.98
1255,10/6/2014,JD,25.01
1256,10/13/2014,JD,25.07
1257,10/20/2014,JD,24.02
1258,10/27/2014,JD,23.889999
1259,11/3/2014,JD,24.74
1260,11/10/2014,JD,27.01
1261,11/17/2014,JD,24.08
1262,11/24/2014,JD,23.52
1263,12/1/2014,JD,23.85
1264,12/8/2014,JD,23.969999
1265,12/15/2014,JD,24.57
1266,12/22/2014,JD,24.559999
1267,12/29/2014,JD,24.02
1268,1/5/2015,JD,24.940001
1269,1/12/2015,JD,24.07
1270,1/19/2015,JD,24.65
1271,1/26/2015,JD,24.84
1272,2/2/2015,JD,26.459999
1273,2/9/2015,JD,26.23
1274,2/16/2015,JD,28.209999
1275,2/23/2015,JD,27.67
1276,3/2/2015,JD,28.620001
1277,3/9/2015,JD,28.08
1278,3/16/2015,JD,29.110001
1279,3/23/2015,JD,30.08
1280,3/30/2015,JD,29.49
1281,4/6/2015,JD,33.23
1282,4/13/2015,JD,33.189999
1283,4/20/2015,JD,34.720001
1284,4/27/2015,JD,33.529999
1285,5/4/2015,JD,33.740002
1286,5/11/2015,JD,33.400002
1287,5/18/2015,JD,34.889999
1288,5/25/2015,JD,33.68
1289,6/1/2015,JD,35.669998
1290,6/8/2015,JD,37.950001
1291,6/15/2015,JD,34.610001
1292,6/22/2015,JD,33.455002
1293,6/29/2015,JD,33.130001
1294,7/6/2015,JD,32.400002
1295,7/13/2015,JD,35.32
1296,7/20/2015,JD,34.639999
1297,7/27/2015,JD,33.029999
1298,8/3/2015,JD,32.07
1299,8/10/2015,JD,28.120001
1300,8/17/2015,JD,25.049999
1301,8/24/2015,JD,26.77
1302,8/31/2015,JD,22.809999
1303,9/7/2015,JD,24.26
1304,9/14/2015,JD,26.43
1305,9/21/2015,JD,25.940001
1306,9/28/2015,JD,28.91
1307,10/5/2015,JD,28.41
1308,10/12/2015,JD,26.889999
1309,10/19/2015,JD,27.1
1310,10/26/2015,JD,27.620001
1311,11/2/2015,JD,29.700001
1312,11/9/2015,JD,26.75
1313,11/16/2015,JD,29.99
1314,11/23/2015,JD,29.950001
1315,11/30/2015,JD,32.25
1316,12/7/2015,JD,30.549999
1317,12/14/2015,JD,32.650002
1318,12/21/2015,JD,32.580002
1319,12/28/2015,JD,32.264999
1320,1/4/2016,JD,27.620001
1321,1/11/2016,JD,26.99
1322,1/18/2016,JD,27.27
1323,1/25/2016,JD,26.030001
1324,2/1/2016,JD,23.639999
1325,2/8/2016,JD,23.129999
1326,2/15/2016,JD,25.540001
1327,2/22/2016,JD,25.41
1328,2/29/2016,JD,26.48
1329,3/7/2016,JD,27.83
1330,3/14/2016,JD,27.08
1331,3/21/2016,JD,26.360001
1332,3/28/2016,JD,26.76
1333,4/4/2016,JD,26.860001
1334,4/11/2016,JD,29.879999
1335,4/18/2016,JD,28.299999
1336,4/25/2016,JD,25.559999
1337,5/2/2016,JD,25.200001
1338,5/9/2016,JD,22.639999
1339,5/16/2016,JD,23.450001
1340,5/23/2016,JD,24.25
1341,5/30/2016,JD,22.98
1342,6/6/2016,JD,21.059999
1343,6/13/2016,JD,20.129999
1344,6/20/2016,JD,20.639999
1345,6/27/2016,JD,21.309999
1346,7/4/2016,JD,20.719999
1347,7/11/2016,JD,21.41
1348,7/18/2016,JD,21.92
1349,7/25/2016,JD,21.65
1350,8/1/2016,JD,21.85
1351,8/8/2016,JD,24.65
1352,8/15/2016,JD,25.91
1353,8/22/2016,JD,25.790001
1354,8/29/2016,JD,25.549999
1355,9/5/2016,JD,26.370001
1356,9/12/2016,JD,26.23
1357,9/19/2016,JD,26.84
1358,9/26/2016,JD,26.09
1359,10/3/2016,JD,27.030001
1360,10/10/2016,JD,26.5
1361,10/17/2016,JD,26.870001
1362,10/24/2016,JD,25.9
1363,10/31/2016,JD,24.65
1364,11/7/2016,JD,24.040001
1365,11/14/2016,JD,26.450001
1366,11/21/2016,JD,25.540001
1367,11/28/2016,JD,25.879999
1368,12/5/2016,JD,26.84
1369,12/12/2016,JD,25.610001
1370,12/19/2016,JD,25.49
1371,12/26/2016,JD,25.440001
1372,1/2/2017,JD,26.27
1373,1/9/2017,JD,26.84
1374,1/16/2017,JD,27.6
1375,1/23/2017,JD,28.360001
1376,1/30/2017,JD,28.32
1377,2/6/2017,JD,29.379999
1378,2/13/2017,JD,29.85
1379,2/20/2017,JD,30.27
1380,2/27/2017,JD,30.93
1381,3/6/2017,JD,31.059999
1382,3/13/2017,JD,31.559999
1383,3/20/2017,JD,31.26
1384,3/27/2017,JD,31.110001
1385,4/3/2017,JD,32.009998
1386,4/10/2017,JD,32.470001
1387,4/17/2017,JD,34.349998
1388,4/24/2017,JD,35.07
1389,5/1/2017,JD,35.779999
1390,5/8/2017,JD,40.560001
1391,5/15/2017,JD,41.060001
1392,5/22/2017,JD,40.990002
1393,5/29/2017,JD,40.23
1394,6/5/2017,JD,39
1395,6/12/2017,JD,38.169998
1396,6/19/2017,JD,42.950001
1397,6/26/2017,JD,39.220001
1398,7/3/2017,JD,39.220001
1399,7/10/2017,JD,42.009998
1400,7/17/2017,JD,43.080002
1401,7/24/2017,JD,45.220001
1402,7/31/2017,JD,46.400002
1403,8/7/2017,JD,45.900002
1404,8/14/2017,JD,40.130001
1405,8/21/2017,JD,40.869999
1406,8/28/2017,JD,41.990002
1407,9/4/2017,JD,41.150002
1408,9/11/2017,JD,44.91
1409,9/18/2017,JD,42.369999
1410,9/25/2017,JD,38.200001
1411,10/2/2017,JD,39.240002
1412,10/9/2017,JD,38.720001
1413,10/16/2017,JD,39
1414,10/23/2017,JD,37.360001
1415,10/30/2017,JD,38.419998
1416,11/6/2017,JD,39.959999
1417,11/13/2017,JD,40.25
1418,11/20/2017,JD,39.209999
1419,11/27/2017,JD,37.27
1420,12/4/2017,JD,38.009998
1421,12/11/2017,JD,40.32
1422,12/18/2017,JD,42.189999
1423,12/25/2017,JD,41.419998
1424,1/1/2018,JD,45.639999
1425,1/8/2018,JD,46.400002
1426,1/15/2018,JD,46.02
1427,1/22/2018,JD,50.5
1428,1/29/2018,JD,46.029999
1429,2/5/2018,JD,42.93
1430,2/12/2018,JD,46.419998
1431,2/19/2018,JD,48.349998
1432,2/26/2018,JD,43.799999
1433,3/5/2018,JD,45.709999
1434,3/12/2018,JD,44.970001
1435,3/19/2018,JD,40.869999
1436,3/26/2018,JD,40.490002
1437,4/2/2018,JD,39.23
1438,4/9/2018,JD,39.799999
1439,4/16/2018,JD,37.439999
1440,4/23/2018,JD,36.759998
1441,4/30/2018,JD,37.669998
1442,5/7/2018,JD,36.950001
1443,5/14/2018,JD,35.709999
1444,5/21/2018,JD,36.869999
1445,5/28/2018,JD,36.09
1446,6/4/2018,JD,39.919998
1447,6/11/2018,JD,43.59
1448,6/18/2018,JD,40.82
1449,6/25/2018,JD,38.950001
1450,7/2/2018,JD,39.459999
1451,7/9/2018,JD,38.27
1452,7/16/2018,JD,35.509998
1453,7/23/2018,JD,36.209999
1454,7/30/2018,JD,36.169998
1455,8/6/2018,JD,35.790001
1456,8/13/2018,JD,32.220001
1457,8/20/2018,JD,31.4
1458,8/27/2018,JD,31.299999
1459,9/3/2018,JD,26.950001
1460,9/10/2018,JD,27.110001
1461,9/17/2018,JD,26.49
1462,9/24/2018,JD,26.09
1463,10/1/2018,JD,23.620001
1464,10/8/2018,JD,24.450001
1465,10/15/2018,JD,23.01
1466,10/22/2018,JD,22.58
1467,10/29/2018,JD,24.049999
1468,11/5/2018,JD,21.700001
1469,11/12/2018,JD,23.049999
1470,11/19/2018,JD,19.27
1471,11/26/2018,JD,21.23
1472,12/3/2018,JD,20.93
1473,12/10/2018,JD,22.17
1474,12/17/2018,JD,21.08
1475,12/24/2018,JD,21.709999
1476,12/31/2018,JD,22.27
1477,1/7/2019,JD,22.879999
1478,1/14/2019,JD,23.26
1479,1/21/2019,JD,23.629999
1480,1/28/2019,JD,24.629999
1481,2/4/2019,JD,23.99
1482,2/11/2019,JD,23.959999
1483,2/18/2019,JD,25.950001
1484,2/25/2019,JD,28.73
1485,3/4/2019,JD,27.049999
1486,3/11/2019,JD,27.93
1487,3/18/2019,JD,28
1488,3/25/2019,JD,30.15
1489,4/1/2019,JD,31.24
1490,4/8/2019,JD,30.57
1491,4/15/2019,JD,30.01
1492,4/22/2019,JD,29.129999
1493,4/29/2019,JD,30.049999
1494,5/6/2019,JD,28.17
1495,5/13/2019,JD,29.309999
1496,5/20/2019,JD,26.32
1497,5/27/2019,JD,25.76
1498,6/3/2019,JD,26.799999
1499,6/10/2019,JD,27.049999
1500,6/17/2019,JD,29.059999
1501,6/24/2019,JD,30.290001
1502,7/1/2019,JD,31.030001
1503,7/8/2019,JD,31.08
1504,7/15/2019,JD,30.99
1505,7/22/2019,JD,31.549999
1506,7/29/2019,JD,28.01
1507,8/5/2019,JD,27.1
1508,8/12/2019,JD,31.290001
1509,8/19/2019,JD,28.77
1510,8/26/2019,JD,30.5
1511,9/2/2019,JD,31.08
1512,9/9/2019,JD,31.23
1513,9/16/2019,JD,30.940001
1514,9/23/2019,JD,27.82
1515,9/30/2019,JD,28.99
1516,10/7/2019,JD,29.709999
1517,10/14/2019,JD,29.93
1518,10/21/2019,JD,31.16
1519,10/28/2019,JD,31.49
1520,11/4/2019,JD,33.23
1521,11/11/2019,JD,33.549999
1522,11/18/2019,JD,31.950001
1523,11/25/2019,JD,32.650002
1524,12/2/2019,JD,32.93
1525,12/9/2019,JD,34
1526,12/16/2019,JD,35.310001
1527,12/23/2019,JD,35.93
1528,12/30/2019,JD,37.990002
1529,1/6/2020,JD,39.110001
1530,1/13/2020,JD,40.349998
1531,1/20/2020,JD,39.549999
1532,1/27/2020,JD,37.689999
1533,2/3/2020,JD,39.990002
1534,2/10/2020,JD,41.970001
1535,2/17/2020,JD,40.419998
1536,2/24/2020,JD,38.509998
1537,3/2/2020,JD,42.16
1538,3/9/2020,JD,39.709999
1539,3/16/2020,JD,37.66
1540,3/23/2020,JD,40.150002
1541,3/30/2020,JD,39.889999
1542,4/6/2020,JD,42.16
1543,4/13/2020,JD,46.150002
1544,4/20/2020,JD,45.049999
1545,4/27/2020,JD,41.380001
1546,5/4/2020,JD,46.779999
1547,5/11/2020,JD,50.849998
1548,5/18/2020,JD,49.900002
1549,5/25/2020,JD,54.330002
1550,6/1/2020,JD,59.040001
1551,6/8/2020,JD,57.990002
1552,6/15/2020,JD,58.639999
1553,6/22/2020,JD,59.650002
1554,6/29/2020,JD,61.389999
1555,7/6/2020,JD,65.610001
1556,7/13/2020,JD,62.130001
1557,7/20/2020,JD,60.880001
1558,7/27/2020,JD,63.790001
1559,8/3/2020,JD,62.060001
1560,8/10/2020,JD,62.060001
1561,8/17/2020,JD,74.980003
1562,8/24/2020,JD,79.959999
1563,8/31/2020,JD,80
1564,9/7/2020,JD,76.220001
